transaction_id,items
1,"Power Bank, Pen Set, Laptop Stand, Desk Organizer, Notebook, USB-C Cable"
2,"Power Bank, Pen Set, Coffee Mug, Laptop Stand, Desk Organizer, Notebook, Sticky Notes, USB-C Cable, Desk Lamp, Wireless Mouse"
3,"Power Bank, French Press, Coffee Mug, Screen Protector, Phone Case"
4,"French Press, Pen Set, Coffee Mug, Notebook, Sticky Notes"
5,"Laptop Stand, Power Bank"
6,"Power Bank, Pen Set, Laptop Stand, Water Bottle, Screen Protector, Notebook, Phone Case, Sticky Notes, USB-C Cable, Wireless Mouse"
7,"Coffee Mug, Laptop Stand, Screen Protector, Phone Case, Wireless Mouse"
8,"Power Bank, Coffee Mug, Screen Protector, Phone Case, USB-C Cable"
9,"Cutting Board, Pen Set, Notebook, Power Bank"
10,"Desk Organizer, Pen Set, Notebook"
11,"French Press, Screen Protector, Coffee Mug"
12,"Bluetooth Speaker, French Press, Wireless Mouse, Coffee Mug"
13,"French Press, Pen Set, Desk Organizer, Screen Protector, Notebook, Desk Lamp"
14,"Power Bank, Screen Protector, Phone Case, USB-C Cable, Desk Lamp"
15,"USB-C Cable, Pen Set, Notebook, Coffee Mug"
16,"French Press, Pen Set, Coffee Mug, Laptop Stand, Phone Case, Wireless Mouse"
17,"USB-C Cable, Kitchen Scale, Notebook, Power Bank"
18,"Coffee Mug, Desk Organizer, Screen Protector, Notebook, Phone Case, Desk Lamp, Wireless Mouse"
19,"Power Bank, Pen Set, Laptop Stand, Desk Organizer, Screen Protector, Notebook, Phone Case, USB-C Cable, Desk Lamp"
20,"French Press, Pen Set, Coffee Mug, Laptop Stand, Notebook, Wireless Mouse"
21,"Power Bank, French Press, Coffee Mug, USB-C Cable, Bluetooth Speaker"
22,"French Press, Pen Set, Desk Organizer, Screen Protector, Notebook, Desk Lamp"
23,"French Press, Coffee Mug, Laptop Stand, Screen Protector, Phone Case, Wireless Mouse"
24,"French Press, Coffee Mug, Laptop Stand, Desk Organizer, Screen Protector, Notebook, Phone Case, Sticky Notes, Desk Lamp, Wireless Mouse"
25,"Kitchen Scale, Wireless Mouse, Laptop Stand"
26,"Power Bank, Pen Set, Laptop Stand, Screen Protector, Notebook, Phone Case, USB-C Cable, Desk Lamp, Wireless Mouse"
27,"French Press, Pen Set, Coffee Mug, Laptop Stand, Notebook, Wireless Mouse"
28,"Cutting Board, French Press, Coffee Mug, Laptop Stand, Desk Lamp, Wireless Mouse"
29,"French Press, Coffee Mug, Laptop Stand, Screen Protector, Phone Case, Wireless Mouse"
30,"Pen Set, Coffee Mug, Laptop Stand, Screen Protector, Phone Case, Notebook"
31,"Power Bank, Kitchen Scale, USB-C Cable, Desk Lamp, Wireless Mouse"
32,"Power Bank, French Press, Pen Set, Notebook, USB-C Cable"
33,"USB-C Cable, Power Bank, Wireless Mouse, Laptop Stand"
34,"French Press, Coffee Mug, Desk Organizer, Notebook, Sticky Notes, Desk Lamp"
35,"French Press, Pen Set, Coffee Mug, Water Bottle, Notebook, Phone Case, USB-C Cable"
36,"Power Bank, Coffee Mug, Screen Protector, Phone Case, USB-C Cable"
37,"French Press, Pen Set, Coffee Mug, Screen Protector, Phone Case, Notebook"
38,"Pen Set, Laptop Stand, Water Bottle, Screen Protector, Phone Case, Notebook, Kitchen Scale, Wireless Mouse"
39,"French Press, Screen Protector, Phone Case, Coffee Mug"
40,"French Press, Screen Protector, Phone Case"
41,"Notebook, Wireless Mouse, Laptop Stand"
42,"Power Bank, French Press, Coffee Mug, Desk Organizer, Water Bottle, USB-C Cable"
43,"Desk Lamp, Kitchen Scale, Wireless Mouse, Laptop Stand"
44,"Desk Organizer, Kitchen Scale, Screen Protector, Notebook, Desk Lamp"
45,"Pen Set, Notebook, Sticky Notes"
46,"Power Bank, Kitchen Scale, Screen Protector, Phone Case, USB-C Cable"
47,"Power Bank, Pen Set, Laptop Stand, Notebook, USB-C Cable, Wireless Mouse"
48,"USB-C Cable, Screen Protector, Coffee Mug, Power Bank"
49,"Screen Protector, Phone Case, Sticky Notes"
50,"Desk Organizer, Desk Lamp, Sticky Notes"
51,"French Press, Pen Set, Notebook, Coffee Mug"
52,"French Press, Screen Protector, Phone Case, Coffee Mug"
53,"USB-C Cable, French Press, Coffee Mug, Power Bank"
54,"Pen Set, Desk Organizer, Notebook, Desk Lamp, Wireless Mouse"
55,"USB-C Cable, Pen Set, Coffee Mug, Power Bank"
56,"Phone Case, Wireless Mouse, Laptop Stand"
57,"USB-C Cable, Pen Set, Notebook"
58,"French Press, Laptop Stand, Screen Protector, Phone Case, Wireless Mouse"
59,"French Press, Coffee Mug, Screen Protector, Phone Case, USB-C Cable, Wireless Mouse"
60,"Power Bank, French Press, Pen Set, Coffee Mug, Laptop Stand, Notebook, Sticky Notes, USB-C Cable, Wireless Mouse"
61,"French Press, Coffee Mug, Kitchen Scale, Screen Protector, Phone Case"
62,"Power Bank, Coffee Mug, Laptop Stand, Screen Protector, Phone Case, USB-C Cable, Wireless Mouse"
63,"Laptop Stand, Desk Organizer, Water Bottle, Notebook, Desk Lamp, Wireless Mouse"
64,"French Press, Coffee Mug, Desk Organizer, Notebook, Bluetooth Speaker, Desk Lamp"
65,"French Press, Pen Set, Sticky Notes"
66,"Screen Protector, Phone Case, Coffee Mug, Sticky Notes"
67,"Cutting Board, French Press"
68,"Laptop Stand, Desk Organizer, Screen Protector, Phone Case, Wireless Mouse"
69,"Cutting Board, Water Bottle, Wireless Mouse, Laptop Stand"
70,"Power Bank, Pen Set, Desk Organizer, Screen Protector, Notebook, Phone Case, USB-C Cable, Desk Lamp"
71,"USB-C Cable, Kitchen Scale, Power Bank"
72,"Power Bank, French Press, Pen Set, Coffee Mug, Laptop Stand, Kitchen Scale, Phone Case, USB-C Cable, Wireless Mouse"
73,"Power Bank, Pen Set, Laptop Stand, USB-C Cable, Bluetooth Speaker, Wireless Mouse"
74,"French Press, Coffee Mug, Laptop Stand, Desk Organizer, Screen Protector, Notebook, Phone Case, Kitchen Scale, Desk Lamp"
75,"Kitchen Scale, Sticky Notes, Wireless Mouse, Laptop Stand"
76,"Power Bank, French Press, Pen Set, Coffee Mug, Laptop Stand, Desk Organizer, Kitchen Scale, Notebook, USB-C Cable, Desk Lamp, Wireless Mouse"
77,"Power Bank, Laptop Stand, Desk Organizer, Bluetooth Speaker, Wireless Mouse"
78,"Desk Organizer, Screen Protector, Notebook, Phone Case, Kitchen Scale, Sticky Notes, Desk Lamp"
79,"USB-C Cable, Wireless Mouse, Laptop Stand"
80,"French Press, Pen Set, Notebook, USB-C Cable, Wireless Mouse"
81,"USB-C Cable, Laptop Stand, Pen Set, Power Bank"
82,"Pen Set, Desk Organizer, Kitchen Scale, Notebook, Desk Lamp"
83,"Desk Lamp, Wireless Mouse"
84,"Power Bank, Pen Set, Notebook, Sticky Notes, USB-C Cable"
85,"Power Bank, Coffee Mug, Laptop Stand, Screen Protector, Phone Case, Kitchen Scale, USB-C Cable, Wireless Mouse"
86,"French Press, Phone Case, Coffee Mug"
87,"Pen Set, Notebook, Sticky Notes"
88,"Desk Organizer, Cutting Board"
89,"Phone Case, Pen Set, Notebook, Sticky Notes"
90,"Screen Protector, Phone Case, Coffee Mug"
91,"Power Bank, Pen Set, Phone Case, Notebook, USB-C Cable"
92,"USB-C Cable, Bluetooth Speaker, Desk Lamp, Power Bank"
93,"Power Bank, Cutting Board, French Press, Coffee Mug, Screen Protector, Phone Case, Notebook, USB-C Cable"
94,"Pen Set, Laptop Stand, Screen Protector, Phone Case, USB-C Cable"
95,"Pen Set, Laptop Stand, Desk Organizer, Screen Protector, Notebook, Sticky Notes, Bluetooth Speaker, Desk Lamp, Wireless Mouse"
96,"French Press, Screen Protector, Phone Case, Coffee Mug"
97,"Pen Set, Coffee Mug, Desk Organizer, Notebook, Phone Case, Desk Lamp"
98,"Screen Protector, Wireless Mouse, Laptop Stand"
99,"Notebook, Screen Protector, Phone Case, Power Bank"
100,"USB-C Cable, Notebook, Power Bank"
101,"Coffee Mug, Laptop Stand, Desk Organizer, Kitchen Scale, Notebook, Desk Lamp, Wireless Mouse"
102,"USB-C Cable, Bluetooth Speaker, Phone Case"
103,"Power Bank, Laptop Stand, Desk Organizer, Screen Protector, Notebook, Phone Case, Desk Lamp, Wireless Mouse"
104,"Kitchen Scale, Pen Set, Wireless Mouse, Laptop Stand"
105,"French Press, Coffee Mug, Laptop Stand, Desk Organizer, Water Bottle, Notebook, Desk Lamp"
106,"Power Bank, Water Bottle, Notebook, USB-C Cable, Bluetooth Speaker"
107,"Kitchen Scale, Sticky Notes, Laptop Stand"
108,"Power Bank, French Press, Pen Set, Coffee Mug, Screen Protector, Notebook, Phone Case, USB-C Cable"
109,"Desk Organizer, Bluetooth Speaker, Phone Case"
110,"Pen Set, Coffee Mug, Water Bottle, Screen Protector, Phone Case, Notebook"
111,"Laptop Stand, Screen Protector, Phone Case, Bluetooth Speaker, Wireless Mouse"
112,"Cutting Board, French Press, Pen Set, Coffee Mug, Notebook"
113,"Power Bank, Pen Set, Coffee Mug, Laptop Stand, Screen Protector, Notebook, Phone Case, USB-C Cable, Wireless Mouse"
114,"Power Bank, French Press, Pen Set, Laptop Stand, Screen Protector, Notebook, Phone Case, USB-C Cable, Wireless Mouse"
115,"Power Bank, Cutting Board, Pen Set, Screen Protector, Notebook, USB-C Cable, Wireless Mouse"
116,"Power Bank, Pen Set, Laptop Stand, Desk Organizer, Notebook, USB-C Cable, Bluetooth Speaker, Desk Lamp, Wireless Mouse"
117,"USB-C Cable, Sticky Notes, Wireless Mouse, Power Bank"
118,"Wireless Mouse, Laptop Stand"
119,"Power Bank, French Press, Coffee Mug, Laptop Stand, Kitchen Scale, USB-C Cable, Desk Lamp, Wireless Mouse"
120,"Power Bank, French Press, Coffee Mug, Desk Organizer, Sticky Notes"
121,"Water Bottle, French Press, Screen Protector, Phone Case"
122,"Pen Set, Desk Organizer, Water Bottle, Notebook, Phone Case, USB-C Cable, Desk Lamp"
123,"USB-C Cable, Kitchen Scale, Pen Set, Notebook"
124,"Pen Set, Water Bottle, Screen Protector, Phone Case, Notebook"
125,"French Press, Wireless Mouse"
126,"Laptop Stand, Desk Organizer, Notebook, Phone Case, Desk Lamp, Wireless Mouse"
127,"Water Bottle, French Press, Coffee Mug"
128,"French Press, Laptop Stand, Screen Protector, Phone Case, USB-C Cable, Wireless Mouse"
129,"Desk Organizer, Bluetooth Speaker"
130,"Power Bank, Laptop Stand, Desk Organizer, Screen Protector, Notebook, Phone Case, USB-C Cable, Desk Lamp, Wireless Mouse"
131,"Power Bank, French Press, Pen Set, Coffee Mug, Laptop Stand, Desk Organizer, Screen Protector, Notebook, Phone Case, USB-C Cable, Wireless Mouse"
132,"Desk Organizer, Screen Protector, Phone Case, USB-C Cable, Wireless Mouse"
133,"USB-C Cable, Bluetooth Speaker, Notebook, Power Bank"
134,"Desk Organizer, Wireless Mouse, Laptop Stand"
135,"Power Bank, Cutting Board, Coffee Mug, Screen Protector, Phone Case, USB-C Cable"
136,"Power Bank, Coffee Mug, Desk Organizer, Notebook, Phone Case, USB-C Cable, Desk Lamp"
137,"Power Bank, French Press, Pen Set, Coffee Mug, Laptop Stand, Screen Protector, Notebook, Phone Case, Sticky Notes, USB-C Cable, Wireless Mouse"
138,"Phone Case, Sticky Notes"
139,"Pen Set, Laptop Stand, Desk Organizer, Notebook, Sticky Notes, Desk Lamp, Wireless Mouse"
140,"Laptop Stand, Screen Protector, Phone Case, Notebook, Sticky Notes, Desk Lamp, Wireless Mouse"
141,"Cutting Board, Pen Set, Notebook"
142,"Desk Lamp, Screen Protector, Laptop Stand"
143,"Laptop Stand, Desk Organizer, Screen Protector, Notebook, Phone Case, Wireless Mouse"
144,"French Press, Coffee Mug, Screen Protector, Phone Case, Notebook, Kitchen Scale"
145,"Cutting Board, Pen Set, Laptop Stand, Screen Protector, Phone Case, Notebook, Wireless Mouse"
146,"Water Bottle, Desk Lamp"
147,"Screen Protector, Phone Case, Wireless Mouse, Laptop Stand"
148,"Cutting Board, French Press, Coffee Mug, Laptop Stand, Wireless Mouse"
149,"Pen Set, Desk Organizer, Screen Protector, Notebook, Sticky Notes, USB-C Cable, Desk Lamp"
150,"French Press, Coffee Mug"
151,"Kitchen Scale, Sticky Notes, Wireless Mouse, Laptop Stand"
152,"Pen Set, Desk Organizer, Notebook, USB-C Cable, Desk Lamp"
153,"French Press, Screen Protector, Phone Case, Coffee Mug"
154,"Desk Organizer, Pen Set, Notebook, Wireless Mouse"
155,"Cutting Board, French Press, Coffee Mug, Laptop Stand, Screen Protector, Phone Case, Wireless Mouse"
156,"Power Bank, Pen Set, Screen Protector, Phone Case, Sticky Notes, USB-C Cable, Wireless Mouse"
157,"Power Bank, French Press, Pen Set, Coffee Mug, Kitchen Scale, Notebook, USB-C Cable, Bluetooth Speaker"
158,"Power Bank, French Press, Coffee Mug, Laptop Stand, Screen Protector, Phone Case, USB-C Cable, Desk Lamp, Wireless Mouse"
159,"Pen Set, Notebook, Laptop Stand"
160,"Power Bank, Water Bottle, Screen Protector, Phone Case, USB-C Cable"
161,"Cutting Board, French Press, Coffee Mug, Laptop Stand, Screen Protector, Phone Case, Wireless Mouse"
162,"Desk Organizer, Screen Protector, Notebook, Phone Case, Sticky Notes, USB-C Cable, Kitchen Scale, Desk Lamp"
163,"French Press, Pen Set, Laptop Stand, Screen Protector, Phone Case, USB-C Cable, Wireless Mouse"
164,"Power Bank, Water Bottle, Screen Protector, Phone Case, USB-C Cable"
165,"Pen Set, Water Bottle, Screen Protector, Phone Case, Desk Lamp"
166,"Power Bank, Cutting Board, Laptop Stand, Screen Protector, Phone Case, USB-C Cable, Bluetooth Speaker, Wireless Mouse"
167,"USB-C Cable, Sticky Notes, Wireless Mouse, Laptop Stand"
168,"Desk Organizer, Screen Protector, Notebook, Phone Case, Sticky Notes, USB-C Cable, Desk Lamp"
169,"Water Bottle, Sticky Notes, Wireless Mouse, Laptop Stand"
170,"Power Bank, French Press, Coffee Mug, Screen Protector, Phone Case, USB-C Cable, Wireless Mouse"
171,"Kitchen Scale, Screen Protector, Phone Case, Power Bank"
172,"Cutting Board, French Press, Pen Set, Coffee Mug, Laptop Stand, Desk Organizer, Screen Protector, Notebook, Phone Case, Sticky Notes, Desk Lamp"
173,"Pen Set, Water Bottle, Screen Protector, Phone Case, Notebook, Desk Lamp"
174,"Pen Set, Laptop Stand, Water Bottle, Screen Protector, Phone Case, Notebook, Sticky Notes, Wireless Mouse"
175,"USB-C Cable, Laptop Stand, Phone Case, Power Bank"
176,"Desk Organizer, Screen Protector, Phone Case"
177,"Coffee Mug, Water Bottle, Screen Protector, Phone Case, Desk Lamp"
178,"Desk Lamp, Screen Protector, Phone Case, Laptop Stand"
179,"USB-C Cable, Pen Set, Notebook, Wireless Mouse"
180,"Pen Set, Laptop Stand, Kitchen Scale, Notebook, Wireless Mouse"
181,"French Press, Coffee Mug, Screen Protector, Sticky Notes, USB-C Cable"
182,"Phone Case, Pen Set, Notebook, Screen Protector"
183,"French Press, Pen Set, Coffee Mug, Desk Organizer, Notebook, Bluetooth Speaker, Desk Lamp"
184,"Cutting Board, Power Bank, Wireless Mouse, Laptop Stand"
185,"Desk Lamp, Screen Protector, Phone Case, Sticky Notes"
186,"Power Bank, Pen Set, Kitchen Scale, Notebook, USB-C Cable, Wireless Mouse"
187,"USB-C Cable, Screen Protector, Phone Case, Power Bank"
188,"USB-C Cable, Bluetooth Speaker, Phone Case, Power Bank"
189,"Screen Protector, Phone Case, Notebook, USB-C Cable, Desk Lamp"
190,"Power Bank, Cutting Board, Laptop Stand, Phone Case, USB-C Cable, Wireless Mouse"
191,"Pen Set, Laptop Stand, Kitchen Scale, Notebook, Wireless Mouse"
192,"French Press, Pen Set, Wireless Mouse"
193,"Power Bank, Pen Set, Screen Protector, Phone Case, Notebook, Bluetooth Speaker, Wireless Mouse"
194,"USB-C Cable, Phone Case, Pen Set, Notebook"
195,"Cutting Board, Water Bottle"
196,"Power Bank, Cutting Board, Pen Set, Screen Protector, Phone Case, Notebook, USB-C Cable"
197,"Pen Set, Laptop Stand, Desk Organizer, Water Bottle, Notebook, Desk Lamp, Wireless Mouse"
198,"French Press, Pen Set, Screen Protector, Phone Case, Notebook"
199,"Coffee Mug, Laptop Stand, Screen Protector, Phone Case, USB-C Cable, Wireless Mouse"
200,"Phone Case, Pen Set, Notebook"
201,"Power Bank, Kitchen Scale, Wireless Mouse, Laptop Stand"
202,"Pen Set, Laptop Stand, Desk Organizer, Screen Protector, Notebook, USB-C Cable, Wireless Mouse"
203,"USB-C Cable, Kitchen Scale, Wireless Mouse, Power Bank"
204,"Pen Set, Laptop Stand, Phone Case, Desk Lamp, Wireless Mouse"
205,"Power Bank, French Press, Pen Set, Coffee Mug, Screen Protector, Notebook, Phone Case, USB-C Cable, Wireless Mouse"
206,"Desk Organizer, Desk Lamp, Notebook"
207,"French Press, Coffee Mug, Wireless Mouse, Laptop Stand"
208,"Water Bottle, Coffee Mug"
209,"Power Bank, Laptop Stand, Kitchen Scale, USB-C Cable, Bluetooth Speaker, Wireless Mouse"
210,"USB-C Cable, Desk Organizer, Pen Set, Power Bank"
211,"Power Bank, French Press, Coffee Mug, Desk Organizer, Screen Protector, Notebook, Phone Case, Desk Lamp"
212,"French Press, Pen Set, Coffee Mug, Laptop Stand, Screen Protector, Notebook, Phone Case, Sticky Notes, USB-C Cable, Wireless Mouse"
213,"Laptop Stand, Screen Protector, Notebook, Phone Case, Wireless Mouse"
214,"Power Bank, French Press, Pen Set, Coffee Mug, Laptop Stand, Notebook, USB-C Cable, Wireless Mouse"
215,"Water Bottle, Notebook, Wireless Mouse, Laptop Stand"
216,"Water Bottle, Pen Set, Notebook"
217,"Pen Set, Laptop Stand, Kitchen Scale, Notebook, Wireless Mouse"
218,"Pen Set, Coffee Mug, Laptop Stand, Notebook, Wireless Mouse"
219,"Power Bank, French Press, Coffee Mug, Laptop Stand, Screen Protector, Phone Case, Notebook, Sticky Notes, USB-C Cable, Wireless Mouse"
220,"Power Bank, Cutting Board, Pen Set, Coffee Mug, Laptop Stand, Screen Protector, Notebook, Phone Case, USB-C Cable, Wireless Mouse"
221,"Power Bank, Pen Set, Laptop Stand, Desk Organizer, Screen Protector, Notebook, Phone Case, USB-C Cable, Wireless Mouse"
222,"Kitchen Scale, Phone Case, Wireless Mouse, Laptop Stand"
223,"USB-C Cable, Desk Organizer"
224,"French Press, Pen Set, Coffee Mug, Laptop Stand, Water Bottle, Notebook"
225,"Power Bank, French Press, Coffee Mug, Screen Protector, Phone Case"
226,"Pen Set, Notebook, Wireless Mouse, Power Bank"
227,"Power Bank, French Press, Coffee Mug, Screen Protector, Phone Case, Notebook"
228,"Pen Set, Screen Protector, Phone Case, Sticky Notes, Bluetooth Speaker"
229,"Screen Protector, Phone Case, Coffee Mug"
230,"Power Bank, Cutting Board, Screen Protector, Phone Case, USB-C Cable"
231,"French Press, Pen Set, Coffee Mug, Laptop Stand, Screen Protector, Phone Case, Sticky Notes, Wireless Mouse"
232,"French Press, Coffee Mug, Laptop Stand, USB-C Cable, Desk Lamp, Wireless Mouse"
233,"Power Bank, Pen Set, Coffee Mug, Laptop Stand, Desk Organizer, Screen Protector, Notebook, Phone Case, USB-C Cable, Desk Lamp"
234,"Pen Set, Wireless Mouse, Laptop Stand"
235,"French Press, Coffee Mug, Laptop Stand, Desk Lamp, Wireless Mouse"
236,"Coffee Mug, Desk Organizer, Screen Protector, Notebook, Phone Case, Desk Lamp"
237,"Pen Set, Coffee Mug, Laptop Stand, Screen Protector, Phone Case, Notebook, Sticky Notes, Wireless Mouse"
238,"USB-C Cable, Laptop Stand, Power Bank"
239,"Cutting Board, Bluetooth Speaker, Screen Protector, Phone Case"
240,"USB-C Cable, French Press, Coffee Mug, Laptop Stand"
241,"Power Bank, Desk Organizer, Notebook, USB-C Cable, Desk Lamp"
242,"Desk Organizer, Screen Protector, Notebook, Phone Case, Desk Lamp"
243,"Cutting Board, French Press, Pen Set, Coffee Mug, Desk Organizer, Notebook, Desk Lamp, Wireless Mouse"
244,"Phone Case, Pen Set, Notebook, Screen Protector"
245,"Cutting Board, Laptop Stand, Desk Organizer, Screen Protector, Notebook, Phone Case, Desk Lamp, Wireless Mouse"
246,"USB-C Cable, Screen Protector, Phone Case, Power Bank"
247,"Cutting Board, Pen Set, Desk Organizer, Notebook, Desk Lamp, Wireless Mouse"
248,"French Press, Coffee Mug, Laptop Stand, Screen Protector, Notebook, Desk Lamp, Wireless Mouse"
249,"Power Bank, Pen Set, Laptop Stand, Desk Organizer, Screen Protector, Notebook, Phone Case, USB-C Cable, Desk Lamp, Wireless Mouse"
250,"Kitchen Scale, Phone Case, Wireless Mouse, Laptop Stand"
251,"French Press, Pen Set, Coffee Mug, Laptop Stand, Wireless Mouse"
252,"Power Bank, Laptop Stand, Screen Protector, Phone Case, Sticky Notes, USB-C Cable, Wireless Mouse"
253,"Power Bank, Pen Set, Desk Organizer, Notebook, Phone Case, USB-C Cable, Desk Lamp"
254,"Power Bank, Pen Set, Screen Protector, Phone Case, Notebook, USB-C Cable, Desk Lamp"
255,"Pen Set, Coffee Mug, Laptop Stand, Notebook, Bluetooth Speaker"
256,"Desk Organizer, Cutting Board, Pen Set, Notebook"
257,"Power Bank, French Press, Coffee Mug, Laptop Stand, Sticky Notes, USB-C Cable, Wireless Mouse"
258,"Desk Organizer, Kitchen Scale, Notebook, Bluetooth Speaker, Desk Lamp"
259,"Power Bank, French Press, Coffee Mug, Desk Organizer, Screen Protector, Notebook, Phone Case, Desk Lamp"
260,"Cutting Board, Screen Protector, Phone Case, Bluetooth Speaker, Wireless Mouse"
261,"Cutting Board, French Press, Coffee Mug, Screen Protector, Phone Case"
262,"French Press, Coffee Mug, Desk Organizer, Notebook, Desk Lamp, Wireless Mouse"
263,"Laptop Stand, Desk Organizer, Screen Protector, Notebook, Phone Case, Bluetooth Speaker, Desk Lamp"
264,"Cutting Board, Pen Set, Desk Organizer, Notebook, Desk Lamp"
265,"Kitchen Scale, Phone Case, Laptop Stand"
266,"Power Bank, French Press, Coffee Mug, Laptop Stand, Desk Organizer, Screen Protector, Notebook, Phone Case, USB-C Cable, Desk Lamp, Wireless Mouse"
267,"Kitchen Scale, Phone Case, Wireless Mouse, Laptop Stand"
268,"Notebook, Wireless Mouse, Laptop Stand"
269,"Screen Protector, Laptop Stand"
270,"French Press, Pen Set, Coffee Mug, Screen Protector, Phone Case, Notebook, Desk Lamp"
271,"Power Bank, Laptop Stand, Sticky Notes, USB-C Cable, Wireless Mouse"
272,"French Press, Coffee Mug, Screen Protector, Phone Case, Sticky Notes"
273,"French Press, Coffee Mug, Laptop Stand, Desk Organizer, Water Bottle, Notebook, Desk Lamp, Wireless Mouse"
274,"French Press, Coffee Mug, Desk Organizer, Phone Case, Bluetooth Speaker"
275,"Cutting Board, Pen Set, Coffee Mug, Screen Protector, Phone Case, Notebook"
276,"Power Bank, Laptop Stand, Screen Protector, Phone Case, USB-C Cable"
277,"Desk Organizer, Desk Lamp, Notebook"
278,"Cutting Board, Pen Set, Screen Protector, Phone Case, Notebook, USB-C Cable"
279,"Pen Set, Laptop Stand, Desk Organizer, Screen Protector, Phone Case, Notebook, Wireless Mouse"
280,"French Press, Coffee Mug, Laptop Stand, Desk Organizer, Water Bottle, Notebook, Desk Lamp, Wireless Mouse"
281,"Pen Set, Coffee Mug, Laptop Stand, Desk Organizer, Screen Protector, Phone Case, Notebook, Wireless Mouse"
282,"Power Bank, Pen Set, Notebook, USB-C Cable, Wireless Mouse"
283,"Laptop Stand, Desk Organizer, Screen Protector, Notebook, Phone Case, Bluetooth Speaker, Desk Lamp"
284,"Desk Lamp, Phone Case, Wireless Mouse, Laptop Stand"
285,"French Press, Sticky Notes, Coffee Mug, Power Bank"
286,"Power Bank, Coffee Mug, Laptop Stand, Phone Case, USB-C Cable, Wireless Mouse"
287,"Power Bank, Laptop Stand, Kitchen Scale, USB-C Cable, Wireless Mouse"
288,"Desk Organizer, Desk Lamp, Pen Set, Notebook"
289,"Power Bank, Cutting Board, Pen Set, Screen Protector, Phone Case, Notebook, USB-C Cable"
290,"Desk Organizer, Desk Lamp, Notebook, Wireless Mouse"
291,"Power Bank, French Press, Coffee Mug, Desk Organizer, Screen Protector, Phone Case, USB-C Cable, Desk Lamp"
292,"Desk Organizer, Screen Protector, Notebook, Phone Case, Desk Lamp"
293,"French Press, Coffee Mug, Laptop Stand, Desk Organizer, Kitchen Scale"
294,"French Press, Pen Set, Coffee Mug, Kitchen Scale, Notebook, Screen Protector, USB-C Cable"
295,"French Press, Pen Set, Laptop Stand, Water Bottle, Screen Protector, Notebook, Wireless Mouse"
296,"French Press, Laptop Stand, Screen Protector, Phone Case, Desk Lamp, Wireless Mouse"
297,"Pen Set, Laptop Stand, Water Bottle, Screen Protector, Phone Case, Notebook, Wireless Mouse"
298,"Laptop Stand, Desk Organizer, Notebook, USB-C Cable, Desk Lamp, Wireless Mouse"
299,"Power Bank, French Press, Coffee Mug, Desk Organizer, Screen Protector, Phone Case, USB-C Cable"
300,"Power Bank, Laptop Stand, USB-C Cable, Desk Lamp, Wireless Mouse"
301,"Power Bank, French Press, Coffee Mug, Desk Organizer, Kitchen Scale, Notebook, USB-C Cable, Desk Lamp"
302,"French Press, Pen Set, Coffee Mug, Laptop Stand, Water Bottle, Screen Protector, Notebook, Phone Case, Sticky Notes, Wireless Mouse"
303,"Phone Case, Pen Set, Notebook"
304,"French Press, Coffee Mug, Laptop Stand, Notebook, Wireless Mouse"
305,"French Press, Phone Case, Coffee Mug"
306,"USB-C Cable, Laptop Stand, Sticky Notes, Power Bank"
307,"Kitchen Scale, Screen Protector, Phone Case, Coffee Mug"
308,"Coffee Mug, Laptop Stand, Screen Protector, Phone Case, Wireless Mouse"
309,"Power Bank, Pen Set, Desk Organizer, Notebook, USB-C Cable, Bluetooth Speaker, Desk Lamp"
310,"French Press, Coffee Mug, Kitchen Scale, Screen Protector, Phone Case"
311,"French Press, Coffee Mug, Water Bottle, Screen Protector, Phone Case"
312,"Power Bank, Coffee Mug, Desk Organizer, Notebook, USB-C Cable, Bluetooth Speaker, Desk Lamp"
313,"Power Bank, French Press, Pen Set, Coffee Mug, Notebook"
314,"Screen Protector, Phone Case, Wireless Mouse"
315,"Power Bank, Desk Organizer, Notebook, USB-C Cable, Bluetooth Speaker, Desk Lamp"
316,"USB-C Cable, Desk Organizer, Screen Protector, Power Bank"
317,"Pen Set, Coffee Mug, Desk Organizer, Kitchen Scale, Notebook, Desk Lamp"
318,"French Press, Pen Set, Coffee Mug, Desk Organizer, Screen Protector, Notebook, Phone Case, Desk Lamp, Wireless Mouse"
319,"French Press, Screen Protector"
320,"French Press, Coffee Mug, Laptop Stand, Water Bottle, Desk Lamp, Wireless Mouse"
321,"Pen Set, Coffee Mug, Screen Protector, Phone Case, Notebook, USB-C Cable"
322,"Water Bottle, Pen Set, Notebook, Wireless Mouse"
323,"Kitchen Scale, Pen Set, Notebook, Screen Protector"
324,"Power Bank, Cutting Board, French Press, Pen Set, Coffee Mug, Screen Protector, Notebook, Phone Case, USB-C Cable"
325,"Desk Organizer, Bluetooth Speaker, Desk Lamp, Notebook"
326,"Cutting Board, Screen Protector, Phone Case"
327,"Power Bank, Cutting Board, French Press, Coffee Mug, Laptop Stand, Water Bottle, Screen Protector, USB-C Cable, Wireless Mouse"
328,"French Press, Coffee Mug, Laptop Stand, Screen Protector, Phone Case, Notebook, USB-C Cable, Wireless Mouse"
329,"Cutting Board, Laptop Stand, Screen Protector, Phone Case, Wireless Mouse"
330,"Power Bank, Cutting Board, Pen Set, Screen Protector, Phone Case, Notebook, Sticky Notes, USB-C Cable, Wireless Mouse"
331,"Power Bank, French Press, Pen Set, Coffee Mug, Laptop Stand, Desk Organizer, Screen Protector, Notebook, Phone Case, Sticky Notes, USB-C Cable, Desk Lamp, Wireless Mouse"
332,"Screen Protector, Phone Case, Coffee Mug"
333,"French Press, Pen Set, Coffee Mug, Screen Protector, Phone Case, Notebook"
334,"Power Bank, Laptop Stand, Desk Organizer, USB-C Cable, Wireless Mouse"
335,"Power Bank, Pen Set, Desk Organizer, Screen Protector, Notebook, Phone Case, USB-C Cable, Desk Lamp"
336,"Phone Case, Pen Set, Notebook, Screen Protector"
337,"Power Bank, French Press, Pen Set, Coffee Mug, Screen Protector, Phone Case, Bluetooth Speaker"
338,"Power Bank, Pen Set, Laptop Stand, Screen Protector, Notebook, Phone Case, USB-C Cable, Wireless Mouse"
339,"Power Bank, Screen Protector, Sticky Notes, Phone Case, USB-C Cable"
340,"Laptop Stand, Water Bottle, Screen Protector, Phone Case, Bluetooth Speaker, Wireless Mouse"
341,"Pen Set, Coffee Mug, Desk Organizer, Screen Protector, Notebook, Phone Case, Desk Lamp"
342,"Power Bank, Sticky Notes, Phone Case, USB-C Cable, Bluetooth Speaker"
343,"Power Bank, Laptop Stand, Desk Organizer, Notebook, Phone Case, Desk Lamp, Wireless Mouse"
344,"Power Bank, Cutting Board, French Press, Desk Organizer, Screen Protector, Notebook, Phone Case, USB-C Cable, Desk Lamp"
345,"Desk Organizer, French Press, Coffee Mug"
346,"Laptop Stand, Desk Organizer, Screen Protector, Notebook, Phone Case, Kitchen Scale, Desk Lamp, Wireless Mouse"
347,"USB-C Cable, Pen Set, Notebook, Screen Protector"
348,"Power Bank, Coffee Mug, Laptop Stand, Desk Organizer, Notebook, USB-C Cable, Desk Lamp, Wireless Mouse"
349,"Pen Set, Screen Protector, Phone Case, Notebook, Bluetooth Speaker"
350,"Power Bank, Laptop Stand, Desk Organizer, Screen Protector, Phone Case, USB-C Cable"
351,"Desk Lamp, Screen Protector, Phone Case"
352,"USB-C Cable, Screen Protector, Wireless Mouse, Power Bank"
353,"Power Bank, French Press, Pen Set, Coffee Mug, Desk Organizer, Screen Protector, Notebook, Phone Case, USB-C Cable, Desk Lamp"
354,"Screen Protector, Phone Case, Sticky Notes"
355,"Laptop Stand, Kitchen Scale, Screen Protector, Phone Case, Wireless Mouse"
356,"USB-C Cable, Desk Organizer, French Press, Power Bank"
357,"Screen Protector, Phone Case, Wireless Mouse"
358,"Laptop Stand, Water Bottle, Screen Protector, Phone Case, Sticky Notes, Wireless Mouse"
359,"Laptop Stand, Water Bottle, Screen Protector, Phone Case, Kitchen Scale, Wireless Mouse"
360,"Power Bank, Pen Set, Kitchen Scale, Phone Case, Notebook, Screen Protector"
361,"Power Bank, French Press, Coffee Mug, Phone Case, USB-C Cable, Wireless Mouse"
362,"Power Bank, Cutting Board, Coffee Mug, Screen Protector, Phone Case"
363,"Screen Protector, Phone Case"
364,"Cutting Board, Coffee Mug, Wireless Mouse, Laptop Stand"
365,"Bluetooth Speaker, Screen Protector, Phone Case, Sticky Notes"
366,"Desk Organizer, Bluetooth Speaker, Desk Lamp, Notebook"
367,"Power Bank, Cutting Board, Pen Set, Laptop Stand, Notebook, Sticky Notes, Phone Case, USB-C Cable, Wireless Mouse"
368,"Power Bank, French Press, Coffee Mug, Screen Protector, Phone Case, USB-C Cable, Wireless Mouse"
369,"Power Bank, Desk Organizer, Notebook, Phone Case, USB-C Cable, Desk Lamp"
370,"Water Bottle, Screen Protector, Phone Case"
371,"Coffee Mug, Desk Organizer, Water Bottle, Screen Protector, Notebook, Phone Case, Desk Lamp"
372,"Power Bank, Laptop Stand, Desk Organizer, Screen Protector, Notebook, Phone Case, Sticky Notes, USB-C Cable, Desk Lamp, Wireless Mouse"
373,"Screen Protector, Power Bank"
374,"Pen Set, Screen Protector, Phone Case, Notebook, Desk Lamp, Wireless Mouse"
375,"USB-C Cable, Bluetooth Speaker, Wireless Mouse, Laptop Stand"
376,"USB-C Cable, Phone Case, Power Bank"
377,"Desk Organizer, Bluetooth Speaker, Screen Protector, Phone Case"
378,"Desk Lamp, Power Bank"
379,"Cutting Board, French Press, Coffee Mug"
380,"Laptop Stand, Screen Protector, Phone Case, Desk Lamp, Wireless Mouse"
381,"USB-C Cable, Sticky Notes, Wireless Mouse, Laptop Stand"
382,"Power Bank, French Press, Pen Set, Coffee Mug, Laptop Stand, Screen Protector, Notebook, Phone Case, USB-C Cable, Bluetooth Speaker, Wireless Mouse"
383,"Power Bank, Laptop Stand, Water Bottle, USB-C Cable, Wireless Mouse"
384,"Power Bank, Desk Organizer, Screen Protector, Phone Case, USB-C Cable"
385,"French Press, Pen Set, Coffee Mug, Laptop Stand, Desk Organizer, Screen Protector, Notebook, Sticky Notes, Desk Lamp, Wireless Mouse"
386,"Power Bank, Cutting Board, Pen Set, Coffee Mug, Screen Protector, Phone Case, Notebook, USB-C Cable, Desk Lamp"
387,"USB-C Cable, Phone Case, Notebook"
388,"Cutting Board, Coffee Mug, Laptop Stand, Screen Protector, Phone Case, Wireless Mouse"
389,"Power Bank, Laptop Stand, Sticky Notes, USB-C Cable, Wireless Mouse"
390,"French Press, Coffee Mug, Notebook, Bluetooth Speaker, Wireless Mouse"
391,"Power Bank, French Press, Pen Set, Coffee Mug, Notebook, Desk Lamp"
392,"Water Bottle, Pen Set"
393,"Power Bank, Pen Set, Water Bottle, Notebook, USB-C Cable, Desk Lamp"
394,"Power Bank, French Press, Pen Set, Coffee Mug, Notebook, USB-C Cable"
395,"Power Bank, Cutting Board, Desk Organizer, USB-C Cable, Bluetooth Speaker"
396,"Pen Set, Laptop Stand, Notebook, Phone Case, Desk Lamp, Wireless Mouse"
397,"Screen Protector, Wireless Mouse, Laptop Stand"
398,"USB-C Cable, Desk Organizer, Coffee Mug, Power Bank"
399,"Cutting Board, Laptop Stand, Desk Organizer, Kitchen Scale, Notebook, Desk Lamp, Wireless Mouse"
400,"Phone Case, Pen Set, Notebook, Screen Protector"
401,"Desk Organizer, Kitchen Scale, Pen Set, Notebook"
402,"French Press, Pen Set, Coffee Mug, Screen Protector, Phone Case, Notebook, Kitchen Scale"
403,"Power Bank, French Press, Coffee Mug, Sticky Notes, USB-C Cable, Bluetooth Speaker"
404,"Pen Set, Kitchen Scale, Phone Case, Notebook, Screen Protector, USB-C Cable"
405,"Sticky Notes, Screen Protector, Phone Case, Power Bank"
406,"Kitchen Scale, Power Bank"
407,"French Press, Coffee Mug, Desk Organizer, Screen Protector, Phone Case"
408,"Power Bank, French Press, Coffee Mug, Laptop Stand, Desk Organizer, Notebook, USB-C Cable, Desk Lamp, Wireless Mouse"
409,"French Press, Coffee Mug, Laptop Stand, Water Bottle, Wireless Mouse"
410,"French Press, Pen Set, Coffee Mug, Laptop Stand, Desk Organizer, Notebook, Desk Lamp"
411,"Desk Lamp, Pen Set, Wireless Mouse, Laptop Stand"
412,"Cutting Board, French Press, Coffee Mug, Laptop Stand, Screen Protector, Phone Case, Wireless Mouse"
413,"French Press, Pen Set, Coffee Mug, Water Bottle, Screen Protector, Phone Case, Notebook, Desk Lamp"
414,"Power Bank, Pen Set, Notebook, USB-C Cable, Wireless Mouse"
415,"Power Bank, Pen Set, Desk Organizer, Notebook, USB-C Cable"
416,"Pen Set, Laptop Stand, Screen Protector, Phone Case, Notebook"
417,"Laptop Stand, Screen Protector, Sticky Notes, Phone Case, Notebook, Wireless Mouse"
418,"USB-C Cable, Laptop Stand, Water Bottle, Power Bank"
419,"Power Bank, Desk Organizer, Notebook, USB-C Cable, Desk Lamp"
420,"Power Bank, French Press, Pen Set, Coffee Mug, Kitchen Scale, Notebook, Phone Case, USB-C Cable"
421,"USB-C Cable, Bluetooth Speaker, Phone Case"
422,"Power Bank, Laptop Stand, Desk Organizer, Water Bottle, Wireless Mouse"
423,"French Press, Pen Set, Coffee Mug, Screen Protector, Phone Case, Notebook"
424,"French Press, Kitchen Scale, Coffee Mug, Laptop Stand"
425,"Power Bank, Laptop Stand, USB-C Cable, Bluetooth Speaker, Wireless Mouse"
426,"Power Bank, Cutting Board, French Press, Coffee Mug, Laptop Stand, Water Bottle, Phone Case, USB-C Cable, Wireless Mouse"
427,"USB-C Cable, Water Bottle, Phone Case, Power Bank"
428,"Power Bank, Laptop Stand, Screen Protector, Phone Case, USB-C Cable, Wireless Mouse"
429,"French Press, Screen Protector, Phone Case"
430,"Kitchen Scale, Screen Protector, Phone Case, Sticky Notes"
431,"Power Bank, Pen Set, Screen Protector, Notebook, Phone Case, USB-C Cable, Desk Lamp"
432,"USB-C Cable, Water Bottle, Power Bank"
433,"French Press, Pen Set, Coffee Mug, Laptop Stand, Desk Organizer, Screen Protector, Notebook, Phone Case, Desk Lamp, Wireless Mouse"
434,"French Press, Coffee Mug, Desk Organizer, Screen Protector, Notebook, Desk Lamp"
435,"Desk Organizer, Screen Protector, Notebook, Phone Case, Desk Lamp"
436,"Screen Protector, Phone Case, Sticky Notes"
437,"Power Bank, Pen Set, Coffee Mug, Laptop Stand, Desk Organizer, Screen Protector, Notebook, Phone Case, USB-C Cable, Bluetooth Speaker, Desk Lamp, Wireless Mouse"
438,"Screen Protector, Phone Case, Wireless Mouse, Coffee Mug"
439,"French Press, Coffee Mug, Laptop Stand, Desk Organizer, Screen Protector, Notebook, Desk Lamp, Wireless Mouse"
440,"Power Bank, Laptop Stand, Screen Protector, Phone Case, Kitchen Scale, USB-C Cable, Wireless Mouse"
441,"French Press, Pen Set, Screen Protector, Notebook, Desk Lamp"
442,"Laptop Stand, Desk Organizer, Screen Protector, Notebook, Phone Case, Bluetooth Speaker, Desk Lamp, Wireless Mouse"
443,"Pen Set, Wireless Mouse, Laptop Stand"
444,"Desk Organizer, Screen Protector, Phone Case, Wireless Mouse"
445,"Water Bottle, Bluetooth Speaker, French Press, Coffee Mug"
446,"Power Bank, French Press, Desk Organizer, Notebook, USB-C Cable, Desk Lamp"
447,"Cutting Board, French Press, Coffee Mug, Laptop Stand, Screen Protector, Phone Case, Wireless Mouse"
448,"Power Bank, French Press, Water Bottle, Notebook, USB-C Cable"
449,"Water Bottle, Kitchen Scale"
450,"Power Bank, French Press, Coffee Mug, Desk Organizer, Screen Protector, Notebook, Phone Case, Bluetooth Speaker, Desk Lamp"
451,"Screen Protector, Phone Case, Wireless Mouse, Laptop Stand"
452,"Pen Set, Screen Protector, Phone Case, Notebook, USB-C Cable"
453,"Pen Set, Wireless Mouse, Sticky Notes"
454,"Pen Set, Coffee Mug, Laptop Stand, Desk Organizer, Screen Protector, Notebook, USB-C Cable, Desk Lamp, Wireless Mouse"
455,"Power Bank, Pen Set, Screen Protector, Phone Case, Notebook"
456,"French Press, Pen Set, Coffee Mug, Water Bottle, Notebook"
457,"Laptop Stand, Desk Organizer, Screen Protector, Notebook, Phone Case, Bluetooth Speaker, Desk Lamp, Wireless Mouse"
458,"French Press, Laptop Stand, Notebook, Sticky Notes, Wireless Mouse"
459,"Bluetooth Speaker, Pen Set, Wireless Mouse"
460,"Pen Set, Laptop Stand, Water Bottle, Notebook, Desk Lamp, Wireless Mouse"
461,"Pen Set, Notebook, Screen Protector, Laptop Stand"
462,"Pen Set, Notebook"
463,"Power Bank, French Press, Pen Set, Coffee Mug, Water Bottle, Notebook, Phone Case, USB-C Cable, Bluetooth Speaker"
464,"Power Bank, Pen Set, Laptop Stand, Desk Organizer, Notebook, USB-C Cable, Desk Lamp, Wireless Mouse"
465,"Desk Lamp, Screen Protector, Phone Case"
466,"Power Bank, Pen Set, Laptop Stand, Water Bottle, Notebook, USB-C Cable, Desk Lamp, Wireless Mouse"
467,"French Press, Wireless Mouse, Coffee Mug, Power Bank"
468,"Power Bank, Cutting Board, Pen Set, Desk Organizer, Screen Protector, Notebook, Phone Case, USB-C Cable, Desk Lamp"
469,"French Press, Screen Protector, Sticky Notes, Coffee Mug"
470,"Desk Organizer, Notebook, Power Bank"
471,"Cutting Board, French Press, Pen Set, Coffee Mug, Laptop Stand, Desk Organizer, Notebook, Desk Lamp, Wireless Mouse"
472,"Pen Set, Laptop Stand, Screen Protector, Phone Case, Bluetooth Speaker, Wireless Mouse"
473,"Desk Organizer, Screen Protector, Phone Case"
474,"Pen Set, Laptop Stand, Kitchen Scale, Notebook, Wireless Mouse"
475,"Screen Protector, Phone Case, Sticky Notes"
476,"Power Bank, Pen Set, Laptop Stand, Water Bottle, Notebook, Sticky Notes, USB-C Cable, Wireless Mouse"
477,"French Press, Pen Set, Screen Protector, Phone Case, Notebook"
478,"French Press, Pen Set, Coffee Mug, Desk Organizer, Screen Protector, Notebook, Phone Case, USB-C Cable, Desk Lamp, Wireless Mouse"
479,"Pen Set, Coffee Mug, Kitchen Scale, Phone Case, Notebook, Screen Protector"
480,"Power Bank, Cutting Board, Pen Set, Laptop Stand, Water Bottle, Screen Protector, Notebook, Phone Case, USB-C Cable, Wireless Mouse"
481,"Desk Organizer, Screen Protector, Notebook, Sticky Notes, Desk Lamp"
482,"Water Bottle, Kitchen Scale"
